,task_name,train_auc,valid_auc,test_auc,metric,# trainable params,best_epoch,batch_size,lr,weight_decay
0,Tox21,0.9534785894145443,0.8552976433834781,0.8427460460943278,ROC,801068,53,128,0.0001,0
1,Tox21,0.9299751647943265,0.8636192259814454,0.8513898971620963,ROC,801068,40,128,0.0001,0
2,Tox21,0.9365921203306331,0.870505844913724,0.8468503034271411,ROC,801068,42,128,0.0001,0
