dataset,model,trainable_paras,best_epoch,lr,batch_size,random_seed,train_samples,valid_samples,test_samples,train_rmse,valid_rmse,test_rmse
attentiveFP,DoublePath_both,803681,"[70, 66, 70]",0.0001,128,"[7, 77, 777]",3360,420,420,0.16638 ± 0.05523,0.61696 ± 0.01099,0.66636 ± 0.02495
attentiveFP,SinglePath_descriptor,407617,"[197, 239, 218]",0.0001,128,"[7, 77, 777]",3360,420,420,0.46158 ± 0.04480,0.62226 ± 0.01217,0.69868 ± 0.00717
attentiveFP,SinglePath_fingerprint,326497,"[54, 62, 65]",0.0001,128,"[7, 77, 777]",3360,420,420,0.21655 ± 0.01663,0.62240 ± 0.01494,0.66113 ± 0.00310
deepchem,DoublePath_both,803681,"[68, 71, 63]",0.0001,128,"[7, 77, 777]",3360,420,420,0.16941 ± 0.03808,0.69339 ± 0.00934,0.70639 ± 0.01069
deepchem,SinglePath_descriptor,407617,"[175, 247, 177]",0.0001,128,"[7, 77, 777]",3360,420,420,0.45432 ± 0.04743,0.69241 ± 0.01391,0.71310 ± 0.00902
deepchem,SinglePath_fingerprint,326497,"[90, 144, 99]",0.0001,128,"[7, 77, 777]",3360,420,420,0.15582 ± 0.07590,0.69926 ± 0.01766,0.72232 ± 0.01208
