,task_name,train_auc,valid_auc,test_auc,metric,# trainable params,best_epoch,batch_size,lr,weight_decay
0,BACE,0.9522148494796396,0.7444918265813788,0.8442028985507247,ROC,803681,26,128,0.0001,0
1,BACE,0.9598142068869175,0.726545842217484,0.8552536231884058,ROC,803681,26,128,0.0001,0
2,BACE,0.958400502898652,0.7471570717839374,0.8465579710144928,ROC,803681,26,128,0.0001,0
