,task_name,train_auc,valid_auc,test_auc,metric,# trainable params,best_epoch,batch_size,lr,weight_decay
0,BBBP,0.9670703797989149,0.9657414596273293,0.737065227863956,ROC,803681,17,128,0.0001,0
1,BBBP,0.9682892334593329,0.9625388198757765,0.7429424800077079,ROC,803681,17,128,0.0001,0
2,BBBP,0.966113811103397,0.9616653726708074,0.7375469698429522,ROC,803681,17,128,0.0001,0
