,task_name,train_auc,valid_auc,test_auc,metric,# trainable params,best_epoch,batch_size,lr,weight_decay
0,ChEMBL,0.9078476613221955,0.7647872795046992,0.7604396920054541,ROC,4140734,22,128,0.0001,0
1,ChEMBL,0.8912074193625945,0.7669380737640424,0.745257905727889,ROC,4140734,19,128,0.0001,0
2,ChEMBL,0.9294074131538198,0.7423305599301545,0.7457811496734257,ROC,4140734,28,128,0.0001,0
