,task_name,train_auc,valid_auc,test_auc,metric,# trainable params,best_epoch,batch_size,lr,weight_decay
0,ClinTox,0.9894329540523178,0.8785714285714286,0.9177648989097068,ROC,717602,48,128,0.0001,0
1,ClinTox,0.9895228691738112,0.8772547179647587,0.947013642136507,ROC,717602,48,128,0.0001,0
2,ClinTox,0.9862272213418684,0.7175785207700102,0.7990038887849107,ROC,717602,48,128,0.0001,0
