,task_name,train_rmse,valid_rmse,test_rmse,train_r2,valid_r2,test_r2,# trainable params,best_epoch,batch_size,lr,weight_decay
0,ESOL,0.14621806052505593,0.5232914648795359,0.6479900302044422,0.9960399516060604,0.9321765285455909,0.8890197609158293,803681,275,128,0.0001,0
1,ESOL,0.12639388871380605,0.5851727447849996,0.5455988675840449,0.9967357846349161,0.9337159434456355,0.9352689690373606,803681,275,128,0.0001,0
2,ESOL,0.20789614159607306,0.6312442780093633,0.5307669234267988,0.9963992443591377,0.902215105731748,0.935535610043777,803681,275,128,0.0001,0
