,task_name,train_rmse,valid_rmse,test_rmse,train_r2,valid_r2,test_r2,# trainable params,best_epoch,batch_size,lr,weight_decay
0,FreeSolv,0.3270715506514733,1.1610502589955036,0.9618867429655247,0.9930299151597509,0.8971296785938511,0.9356760900768045,803681,410,128,0.0001,0
1,FreeSolv,0.2875819765396503,1.233096545829645,1.1241552711749443,0.9946114614258658,0.9161065254736068,0.9202496647639111,803681,410,128,0.0001,0
2,FreeSolv,0.6753788356030715,1.296443407034213,1.3784409409563074,0.9931428268359107,0.8687222391450083,0.9182089602291977,803681,410,128,0.0001,0
