,task_name,train_auc,valid_auc,test_auc,metric,# trainable params,best_epoch,batch_size,lr,weight_decay
0,HIV,0.9466454043919389,0.8382660934744268,0.7750516618706424,ROC,717473,9,128,0.0001,0
1,HIV,0.9255420208955213,0.8394571820497746,0.7751115317020414,ROC,717473,7,128,0.0001,0
2,HIV,0.9502491246714698,0.8572500244953948,0.7706097066378261,ROC,717473,8,128,0.0001,0
