,task_name,train_auc,valid_auc,test_auc,metric,# trainable params,best_epoch,batch_size,lr,weight_decay
0,HIV,0.958943,0.846941,0.773043,ROC,799649,7,128,0.0001,0
1,HIV,0.968657,0.846549,0.775440,ROC,799649,8,128,0.0001,0
2,HIV,0.936827,0.825587,0.782049,ROC,799649,6,128,0.0001,0
