,task_name,train_rmse,valid_rmse,test_rmse,train_r2,valid_r2,test_r2,# trainable params,best_epoch,batch_size,lr,weight_decay
0,Lipop,0.21427806140842945,0.6223487726733953,0.6167495371531019,0.9692320914125511,0.7337490479387735,0.7381966236629834,803681,59,128,0.0001,0
1,Lipop,0.20634918942211294,0.7038796642139653,0.5896416674499506,0.9716609613619136,0.6623404665338102,0.7532506039017288,803681,59,128,0.0001,0
2,Lipop,0.24729920713265358,0.6229352871215795,0.66866865607161,0.9622022091854198,0.7066015418388858,0.6983559667772137,803681,59,128,0.0001,0
