,task_name,train_auc,valid_auc,test_auc,metric,# trainable params,best_epoch,batch_size,lr,weight_decay
0,MUV,0.05570070052309297,0.014865370017502825,0.09589201370392324,PRC,801713,10,128,0.0001,0
1,MUV,0.13829713879471578,0.08401974663840099,0.06027829345288901,PRC,801713,17,128,0.0001,0
2,MUV,0.04205858732163446,0.010983859585483072,0.052930771187955875,PRC,801713,10,128,0.0001,0
