,task_name,train_auc,valid_auc,test_auc,metric,# trainable params,best_epoch,batch_size,lr,weight_decay
0,MUV,0.1584148851820588,0.0756421610306796,0.055067699501572503,PRC,719537,21,128,0.0001,0
1,MUV,0.6561681459542479,0.15184159434077543,0.13169929572542885,PRC,719537,42,128,0.0001,0
2,MUV,0.19450124388033568,0.016884499340224957,0.10056773933599066,PRC,719537,23,128,0.0001,0
