,task_name,train_auc,valid_auc,test_auc,metric,# trainable params,best_epoch,batch_size,lr,weight_decay
0,PCBA,0.4986545547086551,0.285468603080494,0.28353578790245526,PRC,930848,63,128,0.0001,0
1,PCBA,0.5330085770696626,0.27133522720482944,0.27392616610867576,PRC,930848,70,128,0.0001,0
2,PCBA,0.49556773797017867,0.29907646210744054,0.269158169962416,PRC,930848,64,128,0.0001,0
