,task_name,train_rmse,valid_rmse,test_rmse,train_r2,valid_r2,test_r2,# trainable params,best_epoch,batch_size,lr,weight_decay
0,PDBbind-full,0.6848499570804051,0.6990411253113172,0.7209480290795902,0.5447110392618593,0.40291871542313284,0.2502893145509092,803681,9,128,0.0001,0
1,PDBbind-full,0.6989963448055203,0.7164914862039348,0.7250173805689316,0.5246491473409188,0.3978603383692697,0.23588995162102674,803681,9,128,0.0001,0
2,PDBbind-full,0.6754934449116861,0.717936356289899,0.716054034689609,0.5615549973857007,0.39139664736783714,0.2462532005386654,803681,9,128,0.0001,0
