,task_name,train_rmse,valid_rmse,test_rmse,train_r2,valid_r2,test_r2,# trainable params,best_epoch,batch_size,lr,weight_decay
0,PDBbind-refined,0.5253493238778943,0.7561873291912574,0.8647782763011067,0.7458748329850359,0.487414685726031,0.35013884587353244,803681,24,128,0.0001,0
1,PDBbind-refined,0.5381936247280598,0.7744938740814717,0.8880392868066599,0.7236287701214266,0.47237088825079365,0.3380412488613446,803681,24,128,0.0001,0
2,PDBbind-refined,0.5368609834156829,0.8056142541858703,0.914880762474988,0.7637447549672799,0.47894142018366126,0.36505111019859415,803681,24,128,0.0001,0
