,task_name,train_rmse,valid_rmse,test_rmse,train_r2,valid_r2,test_r2,# trainable params,best_epoch,batch_size,lr,weight_decay
0,PDBbind-core,0.8144404968204121,0.8955143507918433,0.936704298924682,0.45360557670777557,0.21255276147899288,0.14410616908218316,803681,31,128,0.0001,0
1,PDBbind-core,0.7787386938550712,0.8789040502073592,0.919096794331527,0.4890508037690095,0.24048945602257163,0.14309837688611615,803681,31,128,0.0001,0
2,PDBbind-core,0.8561803017082649,1.0453934346729115,0.93678762882973,0.43264055855070893,0.1739468112563402,0.07877143860148163,803681,31,128,0.0001,0
