,task_name,train_auc,valid_auc,test_auc,metric,# trainable params,best_epoch,batch_size,lr,weight_decay
0,SIDER,0.8698521919583787,0.7109027600558945,0.6709495664466545,ROC,773563,141,128,0.0001,0
1,SIDER,0.8703803519420885,0.6844274741671043,0.6903868989283375,ROC,773563,141,128,0.0001,0
2,SIDER,0.8855287987535496,0.6437393297915874,0.6773149492555384,ROC,773563,141,128,0.0001,0
