,task_name,train_auc,valid_auc,test_auc,metric,# trainable params,best_epoch,batch_size,lr,weight_decay
0,Tox21,0.922226291773772,0.8574503143033546,0.8424827375439806,ROC,804044,36,128,0.0001,0
1,Tox21,0.9309004337061811,0.84239521413549,0.8325398315733158,ROC,804044,36,128,0.0001,0
2,Tox21,0.9165669115188808,0.863483017186315,0.8369143362532748,ROC,804044,36,128,0.0001,0
