,task_name,train_auc,valid_auc,test_auc,metric,# trainable params,best_epoch,batch_size,lr,weight_decay
0,Tox21,0.9594560260462816,0.8612735177996882,0.8453511550125175,ROC,769708,78,128,0.0001,0
1,Tox21,0.9638279190900616,0.8440238223200544,0.8425814223133332,ROC,769708,78,128,0.0001,0
2,Tox21,0.9605145323901553,0.8756175441385063,0.8457705769032055,ROC,769708,78,128,0.0001,0
