,task_name,train_auc,valid_auc,test_auc,metric,# trainable params,best_epoch,batch_size,lr,weight_decay
0,ToxCast,0.8402538157760756,0.7714429654203997,0.7387101648803364,ROC,1470281,45,128,0.0001,0
1,ToxCast,0.8440169975754047,0.7488541942130703,0.7531212413898799,ROC,1470281,45,128,0.0001,0
2,ToxCast,0.8425500726468983,0.7209726054374176,0.7385534954492674,ROC,1470281,45,128,0.0001,0
