,task_name,train_auc,valid_auc,test_auc,metric,# trainable params,best_epoch,batch_size,lr,weight_decay
0,ToxCast,0.837592124287337,0.7804227710122373,0.7468134537455949,ROC,1694729,39,128,0.0001,0
1,ToxCast,0.8385428640990676,0.7506261216608802,0.7482244327761903,ROC,1694729,39,128,0.0001,0
2,ToxCast,0.8395540638308293,0.7228086309591756,0.7440976225797981,ROC,1694729,39,128,0.0001,0
