,dataset,model,trainable_paras,best_epoch,lr,batch_size,random_seed,train_samples,valid_samples,test_samples,train_roc_auc,valid_roc_auc,test_roc_auc
0,deepchem,SinglePath_descriptor,997289,159,0.0001,128,17,6860,858,858,0.8493993375153595,0.7576537457690773,0.743388663861655
1,deepchem,SinglePath_descriptor,997289,258,0.0001,128,42,6860,858,858,0.8807492074890986,0.7612746750288218,0.7493581363648437
2,deepchem,SinglePath_descriptor,997289,144,0.0001,128,777,6860,858,858,0.8363453795068156,0.7606295207297692,0.7437924917220731
3,deepchem,SinglePath_fingerprint,916169,95,0.0001,128,17,6860,858,858,0.8737523900572117,0.762774462181836,0.7335697917622745
4,deepchem,SinglePath_fingerprint,916169,82,0.0001,128,42,6860,858,858,0.8690674014954254,0.7643310839261371,0.7279071861621125
5,deepchem,SinglePath_fingerprint,916169,84,0.0001,128,777,6860,858,858,0.8656314629019777,0.7542886448853995,0.7314913248869246
6,deepchem,DoublePath_both,1438217,67,0.0001,128,17,6860,858,858,0.8677650938614352,0.7739810589441226,0.74715871794918
7,deepchem,DoublePath_both,1438217,69,0.0001,128,42,6860,858,858,0.8668328515365495,0.7738879603015648,0.7440054858750299
8,deepchem,DoublePath_both,1438217,89,0.0001,128,777,6860,858,858,0.8819898599413983,0.7759807728192516,0.7460006987794985
