model,# trainable params,batch_size,lr,best_epoch,train_rmse,valid_rmse,test_rmse,etc_rmse,train_pcc,valid_pcc,test_pcc,etc_pcc
ESOL,,,,"[nan, nan, nan]",1.019 ± 0.000,0.985 ± 0.000,0.961 ± 0.000,1.136 ± 0.000,0.877 ± 0.000,0.878 ± 0.000,0.859 ± 0.000,0.593 ± 0.000
FSOL,,,,"[nan, nan, nan]",1.091 ± 0.000,1.100 ± 0.000,0.968 ± 0.000,1.793 ± 0.000,0.866 ± 0.000,0.851 ± 0.000,0.861 ± 0.000,0.534 ± 0.000
MPNN,341201.0,32.0,0.003183415042748088,"[45, 51, 64]",0.145 ± 0.060,0.565 ± 0.051,0.801 ± 0.038,2.261 ± 0.127,0.973 ± 0.005,0.959 ± 0.007,0.948 ± 0.002,0.357 ± 0.094
DMPNN,3283001.0,50.0,0.0001,,0.322 ± 0.005,0.512 ± 0.009,0.405 ± 0.012,1.009 ± 0.070,0.982 ± 0.001,0.952 ± 0.001,0.965 ± 0.001,0.454 ± 0.011
AttentiveFP,863604.0,200.0,0.0031622776601683803,"[119, 78, 105]",0.329 ± 0.042,0.524 ± 0.019,0.483 ± 0.010,1.266 ± 0.085,0.988 ± 0.003,0.967 ± 0.002,0.968 ± 0.001,0.487 ± 0.102
MolMapNet,407617.0,128.0,0.0001,"[288, 301, 400]",0.390 ± 0.035,0.520 ± 0.019,0.472 ± 0.018,0.864 ± 0.043,0.983 ± 0.003,0.962 ± 0.003,0.969 ± 0.002,0.691 ± 0.019
