model,random_seed,best_epoch,batch_size,lr,# trainable params,train_rmse,valid_rmse,test_rmse,etc_rmse,train_pcc,valid_pcc,test_pcc,etc_pcc,train_p_value,valid_p_value,test_p_value,etc_p_value
FSOL,"[7, 77, 777]","[nan, nan, nan]",,,,1.091 ± 0.000,1.100 ± 0.000,0.968 ± 0.000,1.793 ± 0.000,0.866 ± 0.000,0.851 ± 0.000,0.861 ± 0.000,0.534 ± 0.000,1.40e-272 ± 0.00e+00,7.06e-33 ± 0.00e+00,2.55e-34 ± 0.00e+00,3.41e-10 ± 6.33e-26
MPNN,"[7, 77, 777]","[45, 51, 64]",32.0,0.003183415042748088,341201.0,0.145 ± 0.060,0.565 ± 0.051,0.801 ± 0.038,2.261 ± 0.127,0.973 ± 0.005,0.959 ± 0.007,0.948 ± 0.002,0.357 ± 0.094,0.00e+00 ± 0.00e+00,2.55e-59 ± 4.42e-59,7.78e-57 ± 1.06e-56,5.21e-04 ± 4.75e-04
MolMapNet,"[7, 77, 777]","[288, 301, 400]",128.0,0.0001,407617.0,0.390 ± 0.035,0.520 ± 0.019,0.472 ± 0.018,0.864 ± 0.043,0.983 ± 0.003,0.962 ± 0.003,0.969 ± 0.002,0.691 ± 0.019,0.00e+00 ± 0.00e+00,2.42e-63 ± 3.89e-63,4.67e-68 ± 7.43e-68,2.38e-17 ± 4.06e-17
AttentiveFP,"[7, 77, 777]","[119, 78, 105]",200.0,0.00316227766016838,863604.0,0.329 ± 0.042,0.524 ± 0.019,0.483 ± 0.010,1.266 ± 0.085,0.988 ± 0.003,0.967 ± 0.002,0.968 ± 0.001,0.487 ± 0.102,0.00e+00 ± 0.00e+00,1.25e-66 ± 2.15e-66,6.64e-68 ± 6.55e-68,7.09e-06 ± 1.23e-05
ESOL,"[7, 77, 777]","[nan, nan, nan]",,,,1.019 ± 0.000,0.985 ± 0.000,0.961 ± 0.000,1.136 ± 0.000,0.877 ± 0.000,0.878 ± 0.000,0.859 ± 0.000,0.593 ± 0.000,4.77e-289 ± 0.00e+00,3.15e-37 ± 0.00e+00,4.36e-34 ± 0.00e+00,9.57e-13 ± 0.00e+00
