dataset,model,trainable_paras,best_epoch,lr,batch_size,random_seed,train_samples,valid_samples,test_samples,train_roc_auc,valid_roc_auc,test_roc_auc
attentiveFP,DoublePath_both,803681,"[28, 36, 28]",0.0001,128,"[7, 77, 777]",1211,151,151,0.96501 ± 0.00709,0.85458 ± 0.00368,0.87060 ± 0.00216
attentiveFP,SinglePath_descriptor,403457,"[148, 218, 175]",0.0001,128,"[7, 77, 777]",1211,151,151,0.93457 ± 0.00785,0.86473 ± 0.01048,0.87680 ± 0.00271
attentiveFP,SinglePath_fingerprint,322337,"[34, 45, 41]",0.0001,128,"[7, 77, 777]",1211,151,151,0.96521 ± 0.00671,0.85760 ± 0.00499,0.87227 ± 0.00318
deepchem,DoublePath_both,803681,"[29, 25, 28]",0.0001,128,"[7, 77, 777]",1210,151,152,0.96238 ± 0.00492,0.74402 ± 0.01150,0.84752 ± 0.01086
deepchem,SinglePath_descriptor,403457,"[47, 39, 75]",0.0001,128,"[7, 77, 777]",1210,151,152,0.88825 ± 0.01261,0.70457 ± 0.00930,0.82150 ± 0.00116
deepchem,SinglePath_fingerprint,322337,"[26, 23, 31]",0.0001,128,"[7, 77, 777]",1210,151,152,0.94666 ± 0.00484,0.73656 ± 0.00446,0.84191 ± 0.00312
