,task_name,train_auc,valid_auc,test_auc,metric,# trainable params,best_epoch,batch_size,lr,weight_decay
0,BACE,0.9721859594040045,0.8785211267605634,0.8792486583184258,ROC,803681,40,128,0.0001,0
1,BACE,0.9787669723759949,0.870774647887324,0.8821109123434705,ROC,803681,40,128,0.0001,0
2,BACE,0.9791098625685092,0.8709507042253521,0.8810375670840788,ROC,803681,40,128,0.0001,0
