,task_name,train_auc,valid_auc,test_auc,metric,# trainable params,best_epoch,batch_size,lr,weight_decay
0,BBBP,0.9795316203782733,0.9437395873382033,0.9547709022201228,ROC,803681,29,128,0.0001,0
1,BBBP,0.9911795275148177,0.9382288863257722,0.963982050070855,ROC,803681,29,128,0.0001,0
2,BBBP,0.9911676429977505,0.939766756375753,0.9633915918752952,ROC,803681,29,128,0.0001,0
