,task_name,train_auc,valid_auc,test_auc,metric,# trainable params,best_epoch,batch_size,lr,weight_decay
0,ClinTox,0.948209367852847,0.7781424234770244,0.9752035440613027,ROC,717602,37,128,0.0001,0
1,ClinTox,0.96665061153361,0.8069000370793702,0.972599377394636,ROC,717602,37,128,0.0001,0
2,ClinTox,0.9704061033842708,0.8070795339735477,0.9703005268199234,ROC,717602,37,128,0.0001,0
