,task_name,train_rmse,valid_rmse,test_rmse,train_r2,valid_r2,test_r2,# trainable params,best_epoch,batch_size,lr,weight_decay
0,ESOL,0.1871909117899581,0.5270747311026945,0.5487946834562739,0.9933891123512895,0.9337808494879876,0.9185626399014947,803681,209,128,0.0001,0
1,ESOL,0.11396938300857244,0.49800285998940946,0.5189192855128003,0.9975202562689571,0.940872523981001,0.9261618823133542,803681,301,128,0.0001,0
2,ESOL,0.14598369060171154,0.5468740255868819,0.5616958692690213,0.9957531646298897,0.9286238173132687,0.9129505060063615,803681,244,128,0.0001,0
