,task_name,train_auc,valid_auc,test_auc,metric,# trainable params,best_epoch,batch_size,lr,weight_decay
0,HIV,0.9692307733873399,0.8337547408343869,0.8616670889283,ROC,799649,8,128,0.0001,0
1,HIV,0.9666169180574484,0.8143893537276695,0.8667639187990879,ROC,799649,8,128,0.0001,0
2,HIV,0.9672723541827197,0.8114499247273881,0.8672132315682797,ROC,799649,8,128,0.0001,0
