,task_name,train_rmse,valid_rmse,test_rmse,train_r2,valid_r2,test_r2,# trainable params,best_epoch,batch_size,lr,weight_decay
0,Lipop,0.26343800530124256,0.625126934662757,0.6381779514225315,0.9516661768578335,0.7501156286529364,0.7312718858808799,803681,49,128,0.0001,0
1,Lipop,0.17855632708300206,0.630020297631434,0.6465703156910411,0.978327945688509,0.7464653941036109,0.7280100756817932,803681,72,128,0.0001,0
2,Lipop,0.1947779112278597,0.6222564412366637,0.6350781552291516,0.9739264570265538,0.7523705456538898,0.7344259751787966,803681,76,128,0.0001,0
