,task_name,train_auc,valid_auc,test_auc,metric,# trainable params,best_epoch,batch_size,lr,weight_decay
0,SIDER,0.9185158965235054,0.6571457873617632,0.6977173279907826,ROC,773563,214,128,0.0001,0
1,SIDER,0.9164669503673415,0.657525685822953,0.6966488038353129,ROC,773563,214,128,0.0001,0
2,SIDER,0.9180303158095079,0.6506071910759104,0.7055391764147898,ROC,773563,214,128,0.0001,0
