,task_name,train_auc,valid_auc,test_auc,metric,# trainable params,best_epoch,batch_size,lr,weight_decay
0,Tox21,0.9424603372363802,0.8585182309774417,0.8418011076411814,ROC,769708,60,128,0.0001,0
1,Tox21,0.9392668952395361,0.844432146336965,0.8412492056516347,ROC,769708,60,128,0.0001,0
2,Tox21,0.9400941388180722,0.8459461423215453,0.8418772379730708,ROC,769708,60,128,0.0001,0
