,task_name,train_auc,valid_auc,test_auc,metric,# trainable params,best_epoch,batch_size,lr,weight_decay
0,Tox21,0.9326547790779128,0.8541140997675206,0.841328137855672,ROC,769708,49,128,0.0001,0
1,Tox21,0.9256179648642789,0.8444175873981755,0.8392633072192531,ROC,769708,46,128,0.0001,0
2,Tox21,0.9259290515959736,0.8453020368886853,0.8382437086629375,ROC,769708,46,128,0.0001,0
